id,section,en,ko
meta_title,meta,The Welcome Worked | Purple Chicago Project,환영은 통했습니다 | Purple Chicago Project
meta_description,meta,"How Chicago welcomed ARMY: what we did, what the data shows, and what comes next.","시카고가 ARMY를 맞이한 방법: 한 일, 데이터가 보여주는 것, 그리고 다음 계획."
hero_title_1,hero,THE WELCOME WORKED.,환영은 통했습니다.
hero_title_2,hero,HERE'S HOW.,그 방법은 이렇습니다.
scene1_text,doors,Las Vegas rolled out a welcome and saw an estimated $340M. We decided Chicago shouldn't wait.,라스베이거스는 환영을 펼쳤고 약 3억 4천만 달러의 효과가 추정되었습니다. 우리는 시카고가 기다리지 말아야 한다고 생각했습니다.
scene1_small,doors,"Estimate by the Las Vegas tourism authority, covering the concerts and BTS THE CITY events combined.",LVCVA 추정치이고 콘서트와 BTS THE CITY 행사를 합산한 금액입니다.
door_title,doors,We knocked on dozens of doors.,우리는 수십 곳의 문을 두드렸습니다.
door_card1,doors,City and state offices,시와 주 정부 사무실
door_card2,doors,Small businesses,스몰 비즈니스
door_card3,doors,Landmark buildings and BOMA,랜드마크 빌딩과 BOMA
scene3_text,site,"One site. Everything ARMY needed for Chicago, in one place.",하나의 사이트에 ARMY가 시카고에서 필요했던 모든 것을 모았습니다.
scene3_small,site,"11 sections, from transit to the partner map.",교통부터 파트너 지도까지 11개 섹션
group_fans,site,For fans,팬을 위해
group_press,site,For press and partners,취재진과 파트너를 위해
page_official_welcome,site,Official Welcome,공식 환영
page_partners_map,site,Welcome Partners Map,환영 파트너 지도
page_stadium_info,site,Stadium Info,스타디움 안내
page_essentials_tips,site,Essentials & Tips,필수 정보와 팁
page_transportation_guide,site,Transportation Guide,교통 안내
page_pilgrimage,site,Pilgrimage,성지순례
page_chicago_trip_guide,site,Chicago Trip Guide,시카고 여행 가이드
page_fan_event_hub,site,Fan Event Hub,팬 이벤트 허브
page_partner_toolkit,site,Partner Toolkit,파트너 툴킷
page_press,site,Press,취재진
page_about_contact,site,About & Contact,소개와 문의
page_views_label,site,page views,페이지뷰
page_fan_event_hub_views,site,3990,3990
page_partners_map_views,site,1750,1750
page_stadium_info_views,site,1540,1540
page_pilgrimage_views,site,1460,1460
scene4_value,reach,546120,546120
scene4_text,reach,"546,120 views in 30 days.","30일 동안 조회수 546,120회."
scene4_small,reach,"Instagram, Facebook and Threads combined, Jul 31 to Aug 30, 2026 (exact dates vary slightly by platform).","인스타그램, 페이스북, 스레드 합산, 2026년 7월 31일부터 8월 30일(플랫폼별로 날짜가 조금 다름)"
scene5_text,reach,"Then Chicago showed up. The Mayor's two welcome videos drew 250,638 views on Instagram. Illinois proclaimed BTS Day. CTA welcomed fans with a video and extra bus service.","그리고 시카고가 응답했습니다. 시장실의 환영 영상 두 편은 인스타그램에서 250,638회 조회되었습니다. 일리노이는 BTS Day를 선포했고, CTA는 영상과 추가 버스 운행으로 팬들을 맞았습니다."
scene5_small,reach,"We got there together with Chicago BTS ARMY and HANA Center, and our outreach to buildings helped.","우리는 시카고 BTS ARMY, 하나센터와 함께 이뤄냈고, 건물을 향한 아웃리치가 힘이 되었습니다."
results_title,results,THE RESULTS,결과
r1_title,results,The hub worked,한곳에 모은 효과
r1_stat1_value,results,20570,20570
r1_stat1_label,results,page views,페이지뷰
r1_stat2_value,results,8090,8090
r1_stat2_label,results,visits,방문
r1_stat3_value,results,86,86
r1_stat3_suffix,results,%,%
r1_stat3_label,results,on mobile,모바일
r1_quote,results,Having the website with all the information lessened my anxiety completely about this trip!!!,모든 정보가 담긴 웹사이트 덕분에 이번 여행에 대한 불안이 완전히 사라졌어요!!!
r1_quote2,results,Thank you to Purple Chicago Project for giving ARMY a central hub to find out about all the BTS activities!!,ARMY에게 모든 BTS 활동을 알 수 있는 중심 허브를 만들어 주셔서 고마워요!!
r1_quote_by,results,Survey respondent,설문 응답자
r2_title,results,Local businesses,로컬 가게
r2_stat1_value,results,12,12
r2_stat1_label,results,businesses joined,참여한 가게
r2_stat2_value,results,57000,57000
r2_stat2_suffix,results,+,+
r2_stat2_label,results,views of partner posts,관련 게시물 조회
r2_stat3_value,results,176,176
r2_stat3_prefix,results,+,+
r2_stat3_suffix,results,%,%
r2_stat3_label,results,revenue vs. prior period at one downtown restaurant (POS data),한 다운타운 레스토랑의 직전 기간 대비 매출(POS 데이터)
r2_small,results,"9 of 12 shared results, and outcomes varied sharply by location.",12곳 중 9곳이 결과를 알려줬고 위치에 따라 결과가 크게 달랐습니다.
r3_title,results,Fans spread it,팬들이 퍼 나름
r3_stat1_value,results,1249,1249
r3_stat1_prefix,results,+,+
r3_stat1_label,results,Instagram followers in 30 days,30일간 인스타그램 팔로워
r3_stat2_value,results,8300,8300
r3_stat2_label,results,reel shares,릴스 공유
r3_stat3_value,results,7600,7600
r3_stat3_label,results,post shares,게시물 공유
survey_lead,data,"Two sold-out nights, about 120,000 fans. Here's who answered.","매진된 두 밤, 약 12만 명의 팬. 누가 답했는지 보여드립니다."
survey_title,data,WHAT 452 ARMY TOLD US,452명의 ARMY가 들려준 것
survey1_value,data,74.6,74.6
survey1_suffix,data,%,%
survey1_text,data,Three in four came from outside the Chicago area.,4명 중 3명은 시카고 밖에서 왔습니다.
survey2_value,data,1200,1200
survey2_prefix,data,~$,~$
survey2_text,data,"Out-of-town respondents spent about $1,200 each, excluding tickets and official merchandise.","시카고 밖에서 온 응답자는 1인당 약 1,200달러를 썼습니다. 티켓과 공식 굿즈는 제외한 금액입니다."
survey3_value,data,88.5,88.5
survey3_suffix,data,%,%
survey3_text,data,felt welcomed by Chicago.,시카고에서 환영받았다고 느꼈습니다.
survey4_value,data,97.5,97.5
survey4_suffix,data,%,%
survey4_text,data,of out-of-town respondents plan to return. 58.5% already are.,"시카고 밖에서 온 응답자 중 다시 올 계획이 있는 비율이고, 58.5%는 이미 계획 중입니다."
survey_note_short,data,"452 self-selected responses. Describes respondents, not all visitors.",자발적으로 응답한 452건입니다. 방문객 전체가 아니라 응답자를 설명합니다.
survey_small,data,"Self-selected online survey, 452 responses. About 82% already knew PChiP, and spending is estimated from ranges. Results describe respondents, not all visitors.","자발적으로 참여한 온라인 설문 452건. 응답자의 약 82%가 이미 PChiP를 알고 있었고, 지출은 구간 응답으로 추정했습니다. 결과는 방문객 전체가 아니라 응답자를 설명합니다."
survey_quote1,data,I especially appreciated the Chicago mayor's message.,저는 특히 시카고 시장님의 메시지가 고마웠어요.
survey_quote2,data,Seeing the purple on the buildings was so welcoming. It really made the city feel welcoming.,건물들이 보라색으로 물든 걸 보니 정말 환영받는 느낌이었어요. 도시가 정말 따뜻하게 느껴졌어요.
survey_quote3,data,Love that CTA was so involved. Everyone knew what bus to catch because of them!,CTA가 적극적으로 참여해서 정말 좋았어요. 덕분에 다들 어떤 버스를 타야 하는지 알았어요!
survey_quote4,data,Fantastic city! I loved it so much that I booked another trip in April.,환상적인 도시예요! 너무 좋아서 4월에 다시 올 여행을 예약했어요.
survey_quote5,data,Chicago is on our CANNOT MISS list for the next tour.,시카고는 다음 투어에서도 꼭 와야 할 곳 목록에 있어요.
survey_quote_by,data,Survey respondent,설문 응답자
learn_title,data,WHAT WE LEARNED,배운 것
learn1_title,data,Where fans stayed mattered more than distance to the stadium.,가까운 곳이 아니라 묵는 곳 근처가 이깁니다.
learn1_value,data,84,84
learn1_suffix,data,%,%
learn1_text,data,"of hotel guests stayed downtown, and the two businesses inside the Loop saw the biggest gains.","호텔 이용자의 84%가 다운타운에 묵었고, 루프 안의 두 업체가 가장 큰 성과를 냈습니다."
learn2_title,data,"The bottleneck was awareness, not interest.",병목은 관심이 아니라 인지였습니다.
learn2_value1,data,50.4,50.4
learn2_value2,data,60,60
learn2_text,data,"Half didn't know the map existed. Of those who opened it, 60% visited a business.","응답자의 절반은 지도가 있는지 몰랐고, 열어본 사람의 60%는 가게를 방문했습니다."
learn3_title,data,The show was at night. The sales were by day.,공연은 밤이지만 매출은 낮에 났습니다.
learn3_value1,data,50,50
learn3_value2,data,117,117
learn3_text,data,"At one downtown restaurant, breakfast trays sold rose 50% and lunch trays 117%, compared with the prior four-week average.","한 다운타운 레스토랑에서 아침 트레이 판매량은 직전 4주 평균 대비 50%, 점심 트레이는 117% 늘었습니다."
learn_small,data,Observed over one concert weekend. Not a controlled experiment.,한 번의 콘서트 주말에서 관찰한 것이며 통제된 실험이 아닙니다.
next_title,next,AND THIS IS JUST THE START.,이것은 시작일 뿐입니다.
next1_title,next,Still knocking,지금도 두드리는 중
next1_text,next,We're in conversation with Chicago institutions about what comes next.,시카고의 기관들과 다음을 이야기하고 있습니다.
next2_title,next,One team next time,다음엔 한 팀으로
next2_text,next,"We worked in parallel, then found each other. Next time, we start together.",우리는 따로 움직이다가 서로를 알게 되었습니다. 다음에는 처음부터 함께합니다.
next3_title,next,The next BTS night in Chicago,다음 BTS 시카고 콘서트에는
next3_text,next,"We're working toward bringing BTS THE CITY to Chicago. Las Vegas, London and New York have hosted it. Chicago hasn't. Yet.","시카고에 BTS THE CITY를 가져오기 위해 달리고 있습니다. 라스베이거스, 런던, 뉴욕은 진행했고 시카고는 아직입니다."
next_closing,next,"Starting with BTS, we're building a bridge between Korean culture and Chicago.","BTS를 시작으로, 한국 문화와 시카고를 잇는 다리를 놓겠습니다."
press_title,press,Covering BTS or ARMY? Start with our media guide.,BTS나 ARMY를 취재하신다면 미디어 가이드를 먼저 확인해 주세요.
press_sub,press,"Background, terminology, and guidance for coverage.","취재를 위한 배경, 용어, 안내"
press_cta,press,Read the media guide,미디어 가이드 보기
contact_title,contact,LET'S BUILD THE NEXT ONE.,다음을 함께 만듭시다.
contact_text,contact,"For institutions, businesses, fans, and anyone ready to welcome Chicago's next big night.","기관, 업체, 팬, 그리고 시카고의 다음 큰 밤을 함께 맞이할 모든 분께."
contact_email,contact,purplechicagoproject@gmail.com,purplechicagoproject@gmail.com
contact_site,contact,purplechicagoproject.com,purplechicagoproject.com
contact_instagram,contact,@purplechicagoproject,@purplechicagoproject
footer_credit,contact,A Purple Chicago Project and Mun Layers Media LLC production.,Purple Chicago Project와 Mun Layers Media LLC 제작